,max,min
EXT_SOURCE_2,0.8549996664047012,8.173616518884397e-08
EXT_SOURCE_3,0.8960095494948396,0.0005272652387098
DAYS_EMPLOYED,0.0,-17912.0
BIRTH_YEARS,69.12054794520547,20.517808219178082
AMT_CREDIT,4050000.0,45000.0
AMT_ANNUITY,258025.5,1615.5
DAYS_LAST_PHONE_CHANGE,0.0,-4292.0
